time,p,q,v,p_kw,q_kw
11.00999999999981,0.000100000004506,0.2878873845350131,0.971211261548674,10.0000004506,28788.73845350131
11.00999999999981,0.000100000004506,0.2878873845350131,0.971211261548674,10.0000004506,28788.73845350131
11.01999999999981,0.0001000000044998,0.287887384535092,0.9712112615486632,10.00000044998,28788.7384535092
11.01999999999981,0.0001000000044998,0.287887384535092,0.9712112615486632,10.00000044998,28788.7384535092
11.02999999999981,0.000100000004494,0.2878873845351706,0.971211261548652,10.0000004494,28788.73845351706
11.02999999999981,0.000100000004494,0.2878873845351706,0.971211261548652,10.0000004494,28788.73845351706
11.039999999999807,0.000100000004489,0.2878873845352517,0.9712112615486412,10.0000004489,28788.73845352517
11.039999999999807,0.000100000004489,0.2878873845352517,0.9712112615486412,10.0000004489,28788.73845352517
11.049999999999809,0.0001000000044834,0.2878873845353329,0.9712112615486304,10.00000044834,28788.738453533293
11.049999999999809,0.0001000000044834,0.2878873845353329,0.9712112615486304,10.00000044834,28788.738453533293
11.059999999999809,0.0001000000044775,0.2878873845354117,0.9712112615486196,10.00000044775,28788.738453541166
11.059999999999809,0.0001000000044775,0.2878873845354117,0.9712112615486196,10.00000044775,28788.738453541166
11.069999999999808,0.0001000000044728,0.2878873845354926,0.9712112615486088,10.00000044728,28788.738453549264
11.069999999999808,0.0001000000044728,0.2878873845354926,0.9712112615486088,10.00000044728,28788.738453549264
11.079999999999808,0.0001000000044667,0.2878873845355715,0.9712112615485982,10.00000044667,28788.738453557147
11.079999999999808,0.0001000000044667,0.2878873845355715,0.9712112615485982,10.00000044667,28788.738453557147
11.089999999999808,0.000100000004462,0.2878873845356525,0.9712112615485876,10.0000004462,28788.73845356525
11.089999999999808,0.000100000004462,0.2878873845356525,0.9712112615485876,10.0000004462,28788.73845356525
11.099999999999808,0.000100000004457,0.2878873845357336,0.9712112615485768,10.0000004457,28788.73845357336
11.099999999999808,0.000100000004457,0.2878873845357336,0.9712112615485768,10.0000004457,28788.73845357336
11.109999999999808,0.000100000004452,0.2878873845358147,0.9712112615485664,10.0000004452,28788.73845358147
11.109999999999808,0.000100000004452,0.2878873845358147,0.9712112615485664,10.0000004452,28788.73845358147
11.119999999999807,0.0001000000044464,0.2878873845358933,0.9712112615485556,10.00000044464,28788.738453589332
11.119999999999807,0.0001000000044464,0.2878873845358933,0.9712112615485556,10.00000044464,28788.738453589332
11.129999999999807,0.0001000000044408,0.287887384535972,0.971211261548545,10.00000044408,28788.7384535972
11.129999999999807,0.0001000000044408,0.287887384535972,0.971211261548545,10.00000044408,28788.7384535972
11.139999999999809,0.0001000000044354,0.2878873845360506,0.9712112615485344,10.00000044354,28788.738453605063
11.139999999999809,0.0001000000044354,0.2878873845360506,0.9712112615485344,10.00000044354,28788.738453605063
11.149999999999809,0.0001000000044298,0.2878873845361293,0.9712112615485236,10.00000044298,28788.73845361293
11.149999999999809,0.0001000000044298,0.2878873845361293,0.9712112615485236,10.00000044298,28788.73845361293
11.159999999999808,0.0001000000044244,0.2878873845362079,0.971211261548513,10.000000442440001,28788.738453620786
11.159999999999808,0.0001000000044244,0.2878873845362079,0.971211261548513,10.000000442440001,28788.738453620786
11.169999999999806,0.0001000000044197,0.2878873845362888,0.9712112615485023,10.00000044197,28788.73845362888
11.169999999999806,0.0001000000044197,0.2878873845362888,0.9712112615485023,10.00000044197,28788.73845362888
11.179999999999806,0.0001000000044144,0.2878873845363675,0.971211261548492,10.000000441440001,28788.738453636746
11.179999999999806,0.0001000000044144,0.2878873845363675,0.971211261548492,10.000000441440001,28788.738453636746
11.189999999999806,0.0001000000044093,0.2878873845364459,0.9712112615484813,10.00000044093,28788.738453644593
11.189999999999806,0.0001000000044093,0.2878873845364459,0.9712112615484813,10.00000044093,28788.738453644593
11.199999999999806,0.000100000004404,0.2878873845365245,0.9712112615484708,10.0000004404,28788.73845365245
11.199999999999806,0.000100000004404,0.2878873845365245,0.9712112615484708,10.0000004404,28788.73845365245
11.209999999999804,0.0001000000043992,0.2878873845366029,0.9712112615484602,10.00000043992,28788.73845366029
11.209999999999804,0.0001000000043992,0.2878873845366029,0.9712112615484602,10.00000043992,28788.73845366029
11.219999999999803,0.0001000000043938,0.2878873845366815,0.9712112615484496,10.000000439379999,28788.73845366815
11.219999999999803,0.0001000000043938,0.2878873845366815,0.9712112615484496,10.000000439379999,28788.73845366815
11.229999999999803,0.0001000000043893,0.2878873845367599,0.9712112615484392,10.000000438930002,28788.73845367599
11.229999999999803,0.0001000000043893,0.2878873845367599,0.9712112615484392,10.000000438930002,28788.73845367599
11.239999999999805,0.0001000000043852,0.2878873845368406,0.9712112615484289,10.000000438519999,28788.73845368406
11.239999999999805,0.0001000000043852,0.2878873845368406,0.9712112615484289,10.000000438519999,28788.73845368406
11.249999999999805,0.0001000000043792,0.2878873845369168,0.9712112615484182,10.00000043792,28788.73845369168
11.249999999999805,0.0001000000043792,0.2878873845369168,0.9712112615484182,10.00000043792,28788.73845369168
11.259999999999804,0.0001000000043734,0.287887384536993,0.9712112615484076,10.00000043734,28788.738453699298
11.259999999999804,0.0001000000043734,0.287887384536993,0.9712112615484076,10.00000043734,28788.738453699298
11.269999999999804,0.0001000000043687,0.2878873845370713,0.9712112615483972,10.00000043687,28788.73845370713
11.269999999999804,0.0001000000043687,0.2878873845370713,0.9712112615483972,10.00000043687,28788.73845370713
11.279999999999804,0.0001000000043629,0.2878873845371475,0.9712112615483866,10.00000043629,28788.73845371475
11.279999999999804,0.0001000000043629,0.2878873845371475,0.9712112615483866,10.00000043629,28788.73845371475
11.289999999999804,0.0001000000043584,0.2878873845372257,0.971211261548376,10.00000043584,28788.738453722566
11.289999999999804,0.0001000000043584,0.2878873845372257,0.971211261548376,10.00000043584,28788.738453722566
11.299999999999804,0.0001000000043539,0.2878873845373041,0.9712112615483656,10.00000043539,28788.738453730413
11.299999999999804,0.0001000000043539,0.2878873845373041,0.9712112615483656,10.00000043539,28788.738453730413
11.309999999999803,0.0001000000043479,0.2878873845373803,0.9712112615483552,10.00000043479,28788.738453738028
11.309999999999803,0.0001000000043479,0.2878873845373803,0.9712112615483552,10.00000043479,28788.738453738028
11.319999999999805,0.0001000000043425,0.2878873845374563,0.9712112615483448,10.00000043425,28788.738453745635
11.319999999999805,0.0001000000043425,0.2878873845374563,0.9712112615483448,10.00000043425,28788.738453745635
11.329999999999805,0.0001000000043382,0.2878873845375345,0.9712112615483344,10.00000043382,28788.73845375345
11.329999999999805,0.0001000000043382,0.2878873845375345,0.9712112615483344,10.00000043382,28788.73845375345
11.339999999999804,0.0001000000043325,0.2878873845376107,0.9712112615483238,10.00000043325,28788.73845376107
11.339999999999804,0.0001000000043325,0.2878873845376107,0.9712112615483238,10.00000043325,28788.73845376107
11.349999999999802,0.000100000004328,0.287887384537689,0.9712112615483136,10.0000004328,28788.7384537689
11.349999999999802,0.000100000004328,0.287887384537689,0.9712112615483136,10.0000004328,28788.7384537689
11.359999999999802,0.0001000000043237,0.2878873845377673,0.9712112615483032,10.00000043237,28788.73845377673
11.359999999999802,0.0001000000043237,0.2878873845377673,0.9712112615483032,10.00000043237,28788.73845377673
11.369999999999802,0.0001000000043183,0.2878873845378434,0.9712112615482932,10.00000043183,28788.73845378434
11.369999999999802,0.0001000000043183,0.2878873845378434,0.9712112615482932,10.00000043183,28788.73845378434
11.379999999999802,0.0001000000043141,0.2878873845379216,0.9712112615482827,10.000000431410001,28788.73845379216
11.379999999999802,0.0001000000043141,0.2878873845379216,0.9712112615482827,10.000000431410001,28788.73845379216
11.389999999999802,0.0001000000043086,0.2878873845379976,0.9712112615482724,10.00000043086,28788.73845379976
11.389999999999802,0.0001000000043086,0.2878873845379976,0.9712112615482724,10.00000043086,28788.73845379976
11.3999999999998,0.0001000000043034,0.2878873845380736,0.971211261548262,10.00000043034,28788.73845380736
11.3999999999998,0.0001000000043034,0.2878873845380736,0.971211261548262,10.00000043034,28788.73845380736
11.4099999999998,0.0001000000042983,0.2878873845381496,0.9712112615482518,10.000000429830001,28788.73845381496
11.4099999999998,0.0001000000042983,0.2878873845381496,0.9712112615482518,10.000000429830001,28788.73845381496
11.4199999999998,0.0001000000042931,0.2878873845382255,0.9712112615482416,10.00000042931,28788.73845382255
11.4199999999998,0.0001000000042931,0.2878873845382255,0.9712112615482416,10.00000042931,28788.73845382255
11.4299999999998,0.0001000000042888,0.2878873845383037,0.9712112615482312,10.000000428880002,28788.73845383037
11.4299999999998,0.0001000000042888,0.2878873845383037,0.9712112615482312,10.000000428880002,28788.73845383037
11.4399999999998,0.0001000000042837,0.2878873845383798,0.971211261548221,10.00000042837,28788.73845383798
11.4399999999998,0.0001000000042837,0.2878873845383798,0.971211261548221,10.00000042837,28788.73845383798
11.4499999999998,0.0001000000042788,0.2878873845384556,0.9712112615482108,10.00000042788,28788.738453845555
11.4499999999998,0.0001000000042788,0.2878873845384556,0.9712112615482108,10.00000042788,28788.738453845555
11.4599999999998,0.000100000004273,0.2878873845385293,0.9712112615482004,10.0000004273,28788.73845385293
11.4599999999998,0.000100000004273,0.2878873845385293,0.9712112615482004,10.0000004273,28788.73845385293
11.4699999999998,0.0001000000042687,0.2878873845386075,0.9712112615481904,10.000000426869999,28788.73845386075
11.4699999999998,0.0001000000042687,0.2878873845386075,0.9712112615481904,10.000000426869999,28788.73845386075
11.4799999999998,0.0001000000042638,0.2878873845386834,0.9712112615481804,10.00000042638,28788.73845386834
11.4799999999998,0.0001000000042638,0.2878873845386834,0.9712112615481804,10.00000042638,28788.73845386834
11.4899999999998,0.0001000000042589,0.2878873845387593,0.97121126154817,10.00000042589,28788.73845387593
11.4899999999998,0.0001000000042589,0.2878873845387593,0.97121126154817,10.00000042589,28788.73845387593
11.4999999999998,0.0001000000042537,0.2878873845388353,0.97121126154816,10.00000042537,28788.73845388353
11.4999999999998,0.0001000000042537,0.2878873845388353,0.97121126154816,10.00000042537,28788.73845388353
11.5,0.0001000000042537,0.2878873845388353,0.97121126154816,10.00000042537,28788.73845388353
11.5,0.0001000000042537,0.2878873845388353,0.97121126154816,10.00000042537,28788.73845388353
11.5,0.0001000000042537,0.2878873845388353,0.97121126154816,10.00000042537,28788.73845388353
11.5,0.0001000000042537,0.2878873845388353,0.97121126154816,10.00000042537,28788.73845388353
11.51,-0.0043846748750519,0.2892197547534668,0.9712110380083292,-438.46748750519,28921.975475346677
11.51,-0.0043846748750519,0.2892197547534668,0.9712110380083292,-438.46748750519,28921.975475346677
11.52,-0.0172391071602119,0.2930475946192584,0.9712095180994216,-1723.91071602119,29304.759461925838
11.52,-0.0172391071602119,0.2930475946192584,0.9712095180994216,-1723.91071602119,29304.759461925838
11.53,-0.0376166537515591,0.2991465098014685,0.9712055212042214,-3761.6653751559097,29914.650980146853
11.53,-0.0376166537515591,0.2991465098014685,0.9712055212042214,-3761.6653751559097,29914.650980146853
11.54,-0.0647372879670297,0.3073251150118716,0.9711979759656022,-6473.72879670297,30732.51150118716
11.54,-0.0647372879670297,0.3073251150118716,0.9711979759656022,-6473.72879670297,30732.51150118716
11.55,-0.0978831264063867,0.3174183926923528,0.9711859049950554,-9788.31264063867,31741.83926923528
11.55,-0.0978831264063867,0.3174183926923528,0.9711859049950554,-9788.31264063867,31741.83926923528
11.56,-0.1363941549451344,0.3292823459491594,0.9711684126363618,-13639.415494513441,32928.234594915935
11.56,-0.1363941549451344,0.3292823459491594,0.9711684126363618,-13639.415494513441,32928.234594915935
11.57,-0.1796641746076605,0.3427897154407489,0.9711446751828664,-17966.417460766046,34278.971544074884
11.57,-0.1796641746076605,0.3427897154407489,0.9711446751828664,-17966.417460766046,34278.971544074884
11.579999999999998,-0.2271369762490687,0.3578265682025319,0.971113933054858,-22713.697624906872,35782.656820253185
11.579999999999998,-0.2271369762490687,0.3578265682025319,0.971113933054858,-22713.697624906872,35782.656820253185
11.589999999999998,-0.2783027449247386,0.3742895985668445,0.9710754845335114,-27830.274492473858,37428.95985668445
11.589999999999998,-0.2783027449247386,0.3742895985668445,0.9710754845335114,-27830.274492473858,37428.95985668445
11.599999999999998,-0.3326946894976247,0.392084008348452,0.9710286807226536,-33269.46894976247,39208.4008348452
11.599999999999998,-0.3326946894976247,0.392084008348452,0.9710286807226536,-33269.46894976247,39208.4008348452
11.609999999999998,-0.389885889650003,0.4111218561212345,0.9709729214716768,-38988.5889650003,41112.185612123445
11.609999999999998,-0.389885889650003,0.4111218561212345,0.9709729214716768,-38988.5889650003,41112.185612123445
11.619999999999996,-0.4494863504577144,0.4313207843958991,0.970907652044328,-44948.63504577144,43132.07843958991
11.619999999999996,-0.4494863504577144,0.4313207843958991,0.970907652044328,-44948.63504577144,43132.07843958991
11.629999999999995,-0.5111402536323563,0.4526030494026316,0.9708323603605696,-51114.02536323563,45260.30494026316
11.629999999999995,-0.5111402536323563,0.4526030494026316,0.9708323603605696,-51114.02536323563,45260.30494026316
11.639999999999995,-0.5745233941359533,0.4748947914773728,0.970746574673712,-57452.339413595335,47489.47914773728
11.639999999999995,-0.5745233941359533,0.4748947914773728,0.970746574673712,-57452.339413595335,47489.47914773728
11.649999999999997,-0.6393407909038372,0.4981254951595624,0.970649861573765,-63934.079090383726,49812.54951595624
11.649999999999997,-0.6393407909038372,0.4981254951595624,0.970649861573765,-63934.079090383726,49812.54951595624
11.659999999999997,-0.7053244607181979,0.5222275973808972,0.9705418242315016,-70532.44607181978,52222.75973808972
11.659999999999997,-0.7053244607181979,0.5222275973808972,0.9705418242315016,-70532.44607181978,52222.75973808972
11.669999999999996,-0.7722313447466372,0.5471362098524323,0.9704221008169304,-77223.13447466372,54713.62098524323
11.669999999999996,-0.7722313447466372,0.5471362098524323,0.9704221008169304,-77223.13447466372,54713.62098524323
11.679999999999996,-0.8398413778209824,0.5727889281871718,0.9702903630414378,-83984.13778209825,57278.89281871718
11.679999999999996,-0.8398413778209824,0.5727889281871718,0.9702903630414378,-83984.13778209825,57278.89281871718
11.689999999999996,-0.907955691129694,0.5991257056354794,0.9701463147854592,-90795.5691129694,59912.57056354794
11.689999999999996,-0.907955691129694,0.5991257056354794,0.9701463147854592,-90795.5691129694,59912.57056354794
11.699999999999996,-0.9763949395989304,0.6260887737349925,0.9699896907836008,-97639.49395989305,62608.87737349925
11.699999999999996,-0.9763949395989304,0.6260887737349925,0.9699896907836008,-97639.49395989305,62608.87737349925
11.709999999999996,-1.0449977458211903,0.6536225958331603,0.9698202553471732,-104499.77458211903,65362.25958331603
11.709999999999996,-1.0449977458211903,0.6536225958331603,0.9698202553471732,-104499.77458211903,65362.25958331603
11.719999999999995,-1.113619252944384,0.6816738424523354,0.9696378011104242,-111361.9252944384,68167.38424523354
11.719999999999995,-1.113619252944384,0.6816738424523354,0.9696378011104242,-111361.9252944384,68167.38424523354
11.729999999999997,-1.1821297794516228,0.7101913799394006,0.969442147791684,-118212.97794516227,71019.13799394005
11.729999999999997,-1.1821297794516228,0.7101913799394006,0.969442147791684,-118212.97794516227,71019.13799394005
11.739999999999997,-1.2504135692410097,0.7391262658620776,0.9692331409644284,-125041.35692410097,73912.62658620776
11.739999999999997,-1.2504135692410097,0.7391262658620776,0.9692331409644284,-125041.35692410097,73912.62658620776
11.749999999999996,-1.3183676308553347,0.7684317462567725,0.9690106508361328,-131836.76308553346,76843.17462567725
11.749999999999996,-1.3183676308553347,0.7684317462567725,0.9690106508361328,-131836.76308553346,76843.17462567725
11.759999999999994,-1.3859006601160218,0.798063251160601,0.9687745710348948,-138590.06601160218,79806.32511606009
11.759999999999994,-1.3859006601160218,0.798063251160601,0.9687745710348948,-138590.06601160218,79806.32511606009
11.769999999999994,-1.4529320407865214,0.8279783859259765,0.9685248174053002,-145293.20407865214,82797.83859259765
11.769999999999994,-1.4529320407865214,0.8279783859259765,0.9685248174053002,-145293.20407865214,82797.83859259765
11.779999999999994,-1.519390918230919,0.8581369166644395,0.9682613268160424,-151939.09182309193,85813.69166644395
11.779999999999994,-1.519390918230919,0.8581369166644395,0.9682613268160424,-151939.09182309193,85813.69166644395
11.789999999999994,-1.5852153413468946,0.8885007488346501,0.9679840559824257,-158521.53413468946,88850.074883465
11.789999999999994,-1.5852153413468946,0.8885007488346501,0.9679840559824257,-158521.53413468946,88850.074883465
11.799999999999994,-1.6503514683415732,0.9190338985092829,0.9676929803072428,-165035.14683415732,91903.38985092829
11.799999999999994,-1.6503514683415732,0.9190338985092829,0.9676929803072428,-165035.14683415732,91903.38985092829
11.809999999999992,-1.7147528321869248,0.9497024562534596,0.9673880927436074,-171475.2832186925,94970.24562534595
11.809999999999992,-1.7147528321869248,0.9497024562534596,0.9673880927436074,-171475.2832186925,94970.24562534595
11.819999999999991,-1.7783796618407457,0.9804745438456896,0.9670694026832778,-177837.96618407458,98047.45438456896
11.819999999999991,-1.7783796618407457,0.9804745438456896,0.9670694026832778,-177837.96618407458,98047.45438456896
11.829999999999991,-1.841198255552127,1.011320264289497,0.9667369348738064,-184119.82555521268,101132.0264289497
11.829999999999991,-1.841198255552127,1.011320264289497,0.9667369348738064,-184119.82555521268,101132.0264289497
11.839999999999993,-1.903180402788471,1.0422116457158366,0.9663907283675732,-190318.0402788471,104221.16457158366
11.839999999999993,-1.903180402788471,1.0422116457158366,0.9663907283675732,-190318.0402788471,104221.16457158366
11.849999999999993,-1.9643028515261023,1.073122579875831,0.966030835505422,-196430.28515261025,107312.2579875831
11.849999999999993,-1.9643028515261023,1.073122579875831,0.966030835505422,-196430.28515261025,107312.2579875831
11.859999999999992,-2.0245468178396733,1.1040287559812887,0.9656573209372346,-202454.6817839673,110402.87559812887
11.859999999999992,-2.0245468178396733,1.1040287559812887,0.9656573209372346,-202454.6817839673,110402.87559812887
11.869999999999992,-2.0838975349080187,1.1349075906755577,0.965270260681385,-208389.75349080187,113490.75906755577
11.869999999999992,-2.0838975349080187,1.1349075906755577,0.965270260681385,-208389.75349080187,113490.75906755577
11.879999999999992,-2.142343838726469,1.1657381549173726,0.9648697412246164,-214234.3838726469,116573.81549173726
11.879999999999992,-2.142343838726469,1.1657381549173726,0.9648697412246164,-214234.3838726469,116573.81549173726
11.889999999999992,-2.1998777879789904,1.196501098541004,0.9644558586634844,-219987.77879789902,119650.1098541004
11.889999999999992,-2.1998777879789904,1.196501098541004,0.9644558586634844,-219987.77879789902,119650.1098541004
11.899999999999991,-2.256494315678145,1.2271785732225973,0.9640287178881344,-225649.4315678145,122717.85732225972
11.899999999999991,-2.256494315678145,1.2271785732225973,0.9640287178881344,-225649.4315678145,122717.85732225972
11.909999999999991,-2.312190910327343,1.2577541545389954,0.9635884318088254,-231219.09103273432,125775.41545389955
11.909999999999991,-2.312190910327343,1.2577541545389954,0.9635884318088254,-231219.09103273432,125775.41545389955
11.919999999999993,-2.366967324498709,1.2882127637546672,0.9631351206252796,-236696.7324498709,128821.27637546672
11.919999999999993,-2.366967324498709,1.2882127637546672,0.9631351206252796,-236696.7324498709,128821.27637546672
11.92999999999999,-2.4208253088512275,1.318540589917615,0.962668911138628,-242082.53088512275,131854.0589917615
11.92999999999999,-2.4208253088512275,1.318540589917615,0.962668911138628,-242082.53088512275,131854.0589917615
11.93999999999999,-2.4737683697382,1.3487250127878698,0.9621899361054568,-247376.83697381997,134872.50127878698
11.93999999999999,-2.4737683697382,1.3487250127878698,0.9621899361054568,-247376.83697381997,134872.50127878698
11.94999999999999,-2.525801548670554,1.3787545270645143,0.96169833363321,-252580.1548670554,137875.4527064514
11.94999999999999,-2.525801548670554,1.3787545270645143,0.96169833363321,-252580.1548670554,137875.4527064514
11.95999999999999,-2.576931222013564,1.4086186683200257,0.9611942466159864,-257693.1222013564,140861.8668320026
11.95999999999999,-2.576931222013564,1.4086186683200257,0.9611942466159864,-257693.1222013564,140861.8668320026
11.96999999999999,-2.6271649193992244,1.438307940995117,0.9606778222095934,-262716.49193992245,143830.7940995117
11.96999999999999,-2.6271649193992244,1.438307940995117,0.9606778222095934,-262716.49193992245,143830.7940995117
11.97999999999999,-2.676511159435214,1.4678137487540712,0.9601492113445516,-267651.11594352144,146781.37487540714
11.97999999999999,-2.676511159435214,1.4678137487540712,0.9601492113445516,-267651.11594352144,146781.37487540714
11.98999999999999,-2.7249793013842587,1.4971283274499605,0.9596085682756226,-272497.9301384259,149712.83274499603
11.98999999999999,-2.7249793013842587,1.4971283274499605,0.9596085682756226,-272497.9301384259,149712.83274499603
12.0,-2.772579411575049,1.5262446809018264,0.9590560501663236,-277257.9411575049,152624.46809018264
12.0,-2.772579411575049,1.5262446809018264,0.9590560501663236,-277257.9411575049,152624.46809018264
12.0,-2.772579411575049,1.5262446809018264,0.9590560501663236,-277257.9411575049,152624.46809018264
12.0,-2.772579411575049,1.5262446809018264,0.9590560501663236,-277257.9411575049,152624.46809018264
12.01,-2.815646749177189,1.5526421807454711,0.9584922383309602,-281564.67491771886,155264.2180745471
12.01,-2.815646749177189,1.5526421807454711,0.9584922383309602,-281564.67491771886,155264.2180745471
12.02,-2.851086858334269,1.5740869524121135,0.9579193263213516,-285108.6858334269,157408.69524121136
12.02,-2.851086858334269,1.5740869524121135,0.9579193263213516,-285108.6858334269,157408.69524121136
12.03,-2.8796985383617457,1.590994083398552,0.9573397255762168,-287969.85383617453,159099.4083398552
12.03,-2.8796985383617457,1.590994083398552,0.9573397255762168,-287969.85383617453,159099.4083398552
12.04,-2.9021989736382574,1.6037637316188205,0.9567556320460684,-290219.89736382576,160376.37316188205
12.04,-2.9021989736382574,1.6037637316188205,0.9567556320460684,-290219.89736382576,160376.37316188205
12.05,-2.91923266754952,1.612777893083453,0.9561690355725584,-291923.266754952,161277.78930834532
12.05,-2.91923266754952,1.612777893083453,0.9561690355725584,-291923.266754952,161277.78930834532
12.06,-2.9313793428648647,1.6183982727922497,0.9555817305466332,-293137.9342864865,161839.82727922496
12.06,-2.9313793428648647,1.6183982727922497,0.9555817305466332,-293137.9342864865,161839.82727922496
12.07,-2.939160918290669,1.620965016693305,0.954995327351496,-293916.0918290669,162096.5016693305
12.07,-2.939160918290669,1.620965016693305,0.954995327351496,-293916.0918290669,162096.5016693305
12.079999999999998,-2.943047664637517,1.6207961098334176,0.9544112642074152,-294304.7664637517,162079.61098334176
12.079999999999998,-2.943047664637517,1.6207961098334176,0.9544112642074152,-294304.7664637517,162079.61098334176
12.089999999999998,-2.943463636154636,1.6181872843289409,0.953830819124575,-294346.3636154636,161818.72843289407
12.089999999999998,-2.943463636154636,1.6181872843289409,0.953830819124575,-294346.3636154636,161818.72843289407
12.099999999999998,-2.940791463986856,1.613412312059959,0.953255121741552,-294079.1463986856,161341.23120599592
12.099999999999998,-2.940791463986856,1.613412312059959,0.953255121741552,-294079.1463986856,161341.23120599592
12.109999999999998,-2.935376589977652,1.6067235823413166,0.9526851648839476,-293537.65899776516,160672.35823413165
12.109999999999998,-2.935376589977652,1.6067235823413166,0.9526851648839476,-293537.65899776516,160672.35823413165
12.119999999999996,-2.927531010553602,1.5983528853367768,0.9521218157229774,-292753.1010553602,159835.28853367767
12.119999999999996,-2.927531010553602,1.5983528853367768,0.9521218157229774,-292753.1010553602,159835.28853367767
12.129999999999995,-2.917536592411244,1.5885123385535729,0.95156582644966,-291753.6592411244,158851.23385535728
12.129999999999995,-2.917536592411244,1.5885123385535729,0.95156582644966,-291753.6592411244,158851.23385535728
12.139999999999995,-2.905648014316517,1.5773954071199492,0.951017844408458,-290564.8014316517,157739.54071199492
12.139999999999995,-2.905648014316517,1.5773954071199492,0.951017844408458,-290564.8014316517,157739.54071199492
12.149999999999997,-2.892095382579177,1.5651779793111058,0.9504784216563112,-289209.5382579177,156517.7979311106
12.149999999999997,-2.892095382579177,1.5651779793111058,0.9504784216563112,-289209.5382579177,156517.7979311106
12.159999999999997,-2.877086561693164,1.5520194674413537,0.9499480239301556,-287708.6561693163,155201.94674413538
12.159999999999997,-2.877086561693164,1.5520194674413537,0.9499480239301556,-287708.6561693163,155201.94674413538
12.169999999999996,-2.8608092562220464,1.5380639111830146,0.9494270390192076,-286080.92562220467,153806.39111830146
12.169999999999996,-2.8608092562220464,1.5380639111830146,0.9494270390192076,-286080.92562220467,153806.39111830146
12.179999999999996,-2.8434328752209974,1.5234410659317474,0.9489157845483158,-284343.28752209974,152344.10659317474
12.179999999999996,-2.8434328752209974,1.5234410659317474,0.9489157845483158,-284343.28752209974,152344.10659317474
12.189999999999996,-2.8251102062775293,1.5082674632781363,0.948414515186172,-282511.0206277529,150826.74632781363
12.189999999999996,-2.8251102062775293,1.5082674632781363,0.948414515186172,-282511.0206277529,150826.74632781363
12.199999999999996,-2.805978922571956,1.4926474341809428,0.9479234292976382,-280597.8922571956,149264.74341809427
12.199999999999996,-2.805978922571956,1.4926474341809428,0.9479234292976382,-280597.8922571956,149264.74341809427
12.209999999999996,-2.7861629431531503,1.4766740882427043,0.9474426750633166,-278616.294315315,147667.40882427042
12.209999999999996,-2.7861629431531503,1.4766740882427043,0.9474426750633166,-278616.294315315,147667.40882427042
12.219999999999995,-2.7657736638451285,1.460430244703936,0.9469723560920889,-276577.36638451286,146043.0244703936
12.219999999999995,-2.7657736638451285,1.460430244703936,0.9469723560920889,-276577.36638451286,146043.0244703936
12.229999999999997,-2.7449110737968416,1.443989312512403,0.9465125365539574,-274491.10737968417,144398.9312512403
12.229999999999997,-2.7449110737968416,1.443989312512403,0.9465125365539574,-274491.10737968417,144398.9312512403
12.239999999999997,-2.723664770616937,1.427416118181018,0.9460632458613524,-272366.4770616937,142741.6118181018
12.239999999999997,-2.723664770616937,1.427416118181018,0.9460632458613524,-272366.4770616937,142741.6118181018
12.249999999999996,-2.7021148852557437,1.410767681196844,0.9456244829272912,-270211.4885255744,141076.7681196844
12.249999999999996,-2.7021148852557437,1.410767681196844,0.9456244829272912,-270211.4885255744,141076.7681196844
12.259999999999994,-2.6803329262716,1.394093937544986,0.9451962200285514,-268033.29262716,139409.3937544986
12.259999999999994,-2.6803329262716,1.394093937544986,0.9451962200285514,-268033.29262716,139409.3937544986
12.269999999999994,-2.658382551814457,1.3774384125136503,0.944778406301434,-265838.2551814457,137743.84125136503
12.269999999999994,-2.658382551814457,1.3774384125136503,0.944778406301434,-265838.2551814457,137743.84125136503
12.279999999999994,-2.636320276546832,1.3608388443906745,0.9443709708968584,-263632.0276546832,136083.88443906745
12.279999999999994,-2.636320276546832,1.3608388443906745,0.9443709708968584,-263632.0276546832,136083.88443906745
12.289999999999994,-2.6141961197745163,1.3443277609787332,0.9439738258205138,-261419.61197745163,134432.77609787334
12.289999999999994,-2.6141961197745163,1.3443277609787332,0.9439738258205138,-261419.61197745163,134432.77609787334
12.299999999999994,-2.5920542002536675,1.327933011072976,0.9435868684826376,-259205.42002536677,132793.3011072976
12.299999999999994,-2.5920542002536675,1.327933011072976,0.9435868684826376,-259205.42002536677,132793.3011072976
12.309999999999992,-2.569933282456897,1.3116782531816842,0.9432099839807716,-256993.32824568968,131167.8253181684
12.309999999999992,-2.569933282456897,1.3116782531816842,0.9432099839807716,-256993.32824568968,131167.8253181684
12.319999999999991,-2.5478672785007737,1.2955834038449123,0.9428430471375644,-254786.72785007735,129558.34038449124
12.319999999999991,-2.5478672785007737,1.2955834038449123,0.9428430471375644,-254786.72785007735,129558.34038449124
12.329999999999991,-2.525885709445449,1.2796650479316798,0.9424859243143966,-252588.57094454492,127966.50479316797
12.329999999999991,-2.525885709445449,1.2796650479316798,0.9424859243143966,-252588.57094454492,127966.50479316797
12.339999999999993,-2.5040141292602893,1.2639368132843791,0.9421384750203224,-250401.41292602895,126393.6813284379
12.339999999999993,-2.5040141292602893,1.2639368132843791,0.9421384750203224,-250401.41292602895,126393.6813284379
12.349999999999993,-2.482274514395985,1.2484097120383728,0.941800553334544,-248227.45143959846,124840.97120383728
12.349999999999993,-2.482274514395985,1.2484097120383728,0.941800553334544,-248227.45143959846,124840.97120383728
12.359999999999992,-2.460685621603359,1.2330924508828605,0.9414720091594015,-246068.56216033586,123309.24508828604
12.359999999999992,-2.460685621603359,1.2330924508828605,0.9414720091594015,-246068.56216033586,123309.24508828604
12.369999999999992,-2.4392633163835864,1.2179917124513988,0.941152689319666,-243926.33163835865,121799.17124513988
12.369999999999992,-2.4392633163835864,1.2179917124513988,0.941152689319666,-243926.33163835865,121799.17124513988
12.379999999999992,-2.418020874236262,1.2031124099419006,0.9408424385227698,-241802.0874236262,120311.24099419007
12.379999999999992,-2.418020874236262,1.2031124099419006,0.9408424385227698,-241802.0874236262,120311.24099419007
12.389999999999992,-2.3969692566844336,1.1884579169700205,0.9405411001935224,-239696.92566844335,118845.79169700205
12.389999999999992,-2.3969692566844336,1.1884579169700205,0.9405411001935224,-239696.92566844335,118845.79169700205
12.399999999999991,-2.3761173638941826,1.1740302745594615,0.9402485171958024,-237611.73638941828,117403.02745594615
12.399999999999991,-2.3761173638941826,1.1740302745594615,0.9402485171958024,-237611.73638941828,117403.02745594615
12.409999999999991,-2.355472265565851,1.1598303770703842,0.9399645324527448,-235547.22655658508,115983.03770703841
12.409999999999991,-2.355472265565851,1.1598303770703842,0.9399645324527448,-235547.22655658508,115983.03770703841
12.419999999999993,-2.3350394116510924,1.1458581387642826,0.9396889894760034,-233503.94116510925,114585.81387642826
12.419999999999993,-2.3350394116510924,1.1458581387642826,0.9396889894760034,-233503.94116510925,114585.81387642826
12.42999999999999,-2.314822824341288,1.1321126426019628,0.939421732813798,-231482.28243412878,113211.26426019627
12.42999999999999,-2.314822824341288,1.1321126426019628,0.939421732813798,-231482.28243412878,113211.26426019627
12.43999999999999,-2.2948252726759457,1.1185922727715698,0.9391626084266332,-229482.5272675946,111859.22727715698
12.43999999999999,-2.2948252726759457,1.1185922727715698,0.9391626084266332,-229482.5272675946,111859.22727715698
12.44999999999999,-2.275048431032464,1.1052948323468208,0.9389114639988152,-227504.84310324638,110529.48323468208
12.44999999999999,-2.275048431032464,1.1052948323468208,0.9389114639988152,-227504.84310324638,110529.48323468208
12.45999999999999,-2.255493022679322,1.092217647382085,0.938668149193166,-225549.30226793222,109221.7647382085
12.45999999999999,-2.255493022679322,1.092217647382085,0.938668149193166,-225549.30226793222,109221.7647382085
12.46999999999999,-2.2361589495019008,1.0793576586612474,0.9384325158556832,-223615.89495019006,107935.76586612476
12.46999999999999,-2.2361589495019008,1.0793576586612474,0.9384325158556832,-223615.89495019006,107935.76586612476
12.47999999999999,-2.21704540894279,1.066711502231687,0.9382044181762612,-221704.540894279,106671.15022316872
12.47999999999999,-2.21704540894279,1.066711502231687,0.9382044181762612,-221704.540894279,106671.15022316872
12.48999999999999,-2.198150999135596,1.0542755797730914,0.9379837128110255,-219815.09991355962,105427.55797730913
12.48999999999999,-2.198150999135596,1.0542755797730914,0.9379837128110255,-219815.09991355962,105427.55797730913
12.49999999999999,-2.1794738131522595,1.0420461197734607,0.9377702589712914,-217947.38131522597,104204.61197734608
12.49999999999999,-2.1794738131522595,1.0420461197734607,0.9377702589712914,-217947.38131522597,104204.61197734608
12.50999999999999,-2.161011523228296,1.030019230411636,0.937563918483674,-216101.1523228296,103001.92304116361
12.50999999999999,-2.161011523228296,1.030019230411636,0.937563918483674,-216101.1523228296,103001.92304116361
12.519999999999987,-2.1427614557775847,1.0181909449765345,0.93736455582542,-214276.14557775846,101819.09449765345
12.519999999999987,-2.1427614557775847,1.0181909449765345,0.93736455582542,-214276.14557775846,101819.09449765345
12.529999999999989,-2.124720657958304,1.0065572605883897,0.9371720381386108,-212472.06579583036,100655.72605883896
12.529999999999989,-2.124720657958304,1.0065572605883897,0.9371720381386108,-212472.06579583036,100655.72605883896
12.539999999999988,-2.10688595650382,0.9951141709261966,0.9369862352265071,-210688.595650382,99511.41709261965
12.539999999999988,-2.10688595650382,0.9951141709261966,0.9369862352265071,-210688.595650382,99511.41709261965
12.549999999999988,-2.08925400948688,0.9838576936083604,0.9368070195349502,-208925.400948688,98385.76936083604
12.549999999999988,-2.08925400948688,0.9838576936083604,0.9368070195349502,-208925.400948688,98385.76936083604
12.559999999999988,-2.0718213516419985,0.9727838928197744,0.936634266121408,-207182.13516419986,97278.38928197745
12.559999999999988,-2.0718213516419985,0.9727838928197744,0.936634266121408,-207182.13516419986,97278.38928197745
12.569999999999988,-2.054584433829552,0.9618888977285504,0.9364678526139638,-205458.44338295519,96188.88977285502
12.569999999999988,-2.054584433829552,0.9618888977285504,0.9364678526139638,-205458.44338295519,96188.88977285502
12.579999999999988,-2.037539657185474,0.9511689171886306,0.9363076591622717,-203753.96571854738,95116.89171886306
12.579999999999988,-2.037539657185474,0.9511689171886306,0.9363076591622717,-203753.96571854738,95116.89171886306
12.589999999999987,-2.0206834024629226,0.9406202511808626,0.9361535683822524,-202068.34024629227,94062.02511808627
12.589999999999987,-2.0206834024629226,0.9406202511808626,0.9361535683822524,-202068.34024629227,94062.02511808627
12.599999999999987,-2.0040120550363216,0.9302392994044002,0.9360054652960892,-200401.20550363217,93023.92994044001
12.599999999999987,-2.0040120550363216,0.9302392994044002,0.9360054652960892,-200401.20550363217,93023.92994044001
12.609999999999989,-1.987522026004152,0.9200225673924092,0.9358632372688712,-198752.2026004152,92002.25673924091
12.609999999999989,-1.987522026004152,0.9200225673924092,0.9358632372688712,-198752.2026004152,92002.25673924091
12.619999999999989,-1.971209769794548,0.9099666704908008,0.9357267739430468,-197120.9769794548,90996.66704908009
12.619999999999989,-1.971209769794548,0.9099666704908008,0.9357267739430468,-197120.9769794548,90996.66704908009
12.629999999999988,-1.9550717986470196,0.9000683360061034,0.9355959671716882,-195507.17986470196,90006.83360061033
12.629999999999988,-1.9550717986470196,0.9000683360061034,0.9355959671716882,-195507.17986470196,90006.83360061033
12.639999999999986,-1.9391046943146495,0.8903244037983147,0.9354707109514212,-193910.46943146494,89032.44037983146
12.639999999999986,-1.9391046943146495,0.8903244037983147,0.9354707109514212,-193910.46943146494,89032.44037983146
12.649999999999986,-1.9233051173037423,0.8807318255664316,0.9353509013557246,-192330.51173037422,88073.18255664317
12.649999999999986,-1.9233051173037423,0.8807318255664316,0.9353509013557246,-192330.51173037422,88073.18255664317
12.659999999999986,-1.9076698139419277,0.871287663048631,0.9352364364692,-190766.98139419276,87128.76630486311
12.659999999999986,-1.9076698139419277,0.871287663048631,0.9352364364692,-190766.98139419276,87128.76630486311
12.669999999999986,-1.8921956215415476,0.8619890853350269,0.9351272163232984,-189219.5621541548,86198.9085335027
12.669999999999986,-1.8921956215415476,0.8619890853350269,0.9351272163232984,-189219.5621541548,86198.9085335027
12.679999999999986,-1.8768794719021384,0.8528333654690087,0.9350231428338884,-187687.94719021383,85283.33654690087
12.679999999999986,-1.8768794719021384,0.8528333654690087,0.9350231428338884,-187687.94719021383,85283.33654690087
12.689999999999984,-1.8617183933744224,0.843817876492853,0.9349241197409798,-186171.83933744224,84381.7876492853
12.689999999999984,-1.8617183933744224,0.843817876492853,0.9349241197409798,-186171.83933744224,84381.7876492853
12.699999999999983,-1.84670951168808,0.8349400870747987,0.9348300525508249,-184670.951168808,83494.00870747988
12.699999999999983,-1.84670951168808,0.8349400870747987,0.9348300525508249,-184670.951168808,83494.00870747988
12.709999999999985,-1.831850049726787,0.8261975568377021,0.9347408484805731,-183185.00497267873,82619.75568377021
12.709999999999985,-1.831850049726787,0.8261975568377021,0.9347408484805731,-183185.00497267873,82619.75568377021
12.719999999999985,-1.8171373264164303,0.8175879314938327,0.9346564164055824,-181713.73264164306,81758.79314938326
12.719999999999985,-1.8171373264164303,0.8175879314938327,0.9346564164055824,-181713.73264164306,81758.79314938326
12.729999999999984,-1.8025687548759872,0.8091089378762484,0.9345766668094488,-180256.8754875987,80910.89378762484
12.729999999999984,-1.8025687548759872,0.8091089378762484,0.9345766668094488,-180256.8754875987,80910.89378762484
12.739999999999984,-1.7881418399654256,0.8007583789442163,0.934501511736772,-178814.18399654256,80075.83789442164
12.739999999999984,-1.7881418399654256,0.8007583789442163,0.934501511736772,-178814.18399654256,80075.83789442164
12.749999999999984,-1.7738541753507004,0.7925341288285198,0.9344308647486432,-177385.41753507004,79253.41288285199
12.749999999999984,-1.7738541753507004,0.7925341288285198,0.9344308647486432,-177385.41753507004,79253.41288285199
12.759999999999984,-1.7597034401929104,0.784434127971843,0.9343646408808004,-175970.34401929105,78443.4127971843
12.759999999999984,-1.7597034401929104,0.784434127971843,0.9343646408808004,-175970.34401929105,78443.4127971843
12.769999999999984,-1.7456873955564374,0.7764563784099947,0.9343027566043872,-174568.73955564373,77645.63784099946
12.769999999999984,-1.7456873955564374,0.7764563784099947,0.9343027566043872,-174568.73955564373,77645.63784099946
12.779999999999983,-1.7318038806197278,0.7685989392310494,0.9342451297892128,-173180.38806197277,76859.89392310494
12.779999999999983,-1.7318038806197278,0.7685989392310494,0.9342451297892128,-173180.38806197277,76859.89392310494
12.789999999999983,-1.718050808761993,0.7608599222419503,0.9341916796694132,-171805.0808761993,76085.99222419503
12.789999999999983,-1.718050808761993,0.7608599222419503,0.9341916796694132,-171805.0808761993,76085.99222419503
12.799999999999985,-1.704426163589646,0.7532374878652071,0.9341423268113872,-170442.6163589646,75323.74878652071
12.799999999999985,-1.704426163589646,0.7532374878652071,0.9341423268113872,-170442.6163589646,75323.74878652071
12.809999999999985,-1.690927994957467,0.745729841282345,0.9340969930838772,-169092.7994957467,74572.9841282345
12.809999999999985,-1.690927994957467,0.745729841282345,0.9340969930838772,-169092.7994957467,74572.9841282345
12.819999999999984,-1.6775544150315935,0.7383352288354121,0.9340556016300592,-167755.44150315935,73833.52288354121
12.819999999999984,-1.6775544150315935,0.7383352288354121,0.9340556016300592,-167755.44150315935,73833.52288354121
12.829999999999982,-1.6643035944340991,0.7310519346931701,0.9340180768415012,-166430.35944340992,73105.193469317
12.829999999999982,-1.6643035944340991,0.7310519346931701,0.9340180768415012,-166430.35944340992,73105.193469317
12.839999999999982,-1.651173758502268,0.7238782777845966,0.933984344333846,-165117.37585022682,72387.82777845966
12.839999999999982,-1.651173758502268,0.7238782777845966,0.933984344333846,-165117.37585022682,72387.82777845966
12.849999999999982,-1.6381631836897097,0.7168126089987553,0.9339543309240808,-163816.31836897097,71681.26089987553
12.849999999999982,-1.6381631836897097,0.7168126089987553,0.9339543309240808,-163816.31836897097,71681.26089987553
12.859999999999982,-1.625270194130951,0.7098533086471925,0.933927964609248,-162527.0194130951,70985.33086471926
12.859999999999982,-1.625270194130951,0.7098533086471925,0.933927964609248,-162527.0194130951,70985.33086471926
12.86999999999998,-1.612493158386334,0.7029987841823926,0.9339051745464656,-161249.3158386334,70299.87841823927
12.86999999999998,-1.612493158386334,0.7029987841823926,0.9339051745464656,-161249.3158386334,70299.87841823927
12.87999999999998,-1.5998304863796038,0.6962474681638254,0.9338858910341236,-159983.04863796037,69624.74681638254
12.87999999999998,-1.5998304863796038,0.6962474681638254,0.9338858910341236,-159983.04863796037,69624.74681638254
12.88999999999998,-1.5872806265366797,0.6895978164613389,0.9338700454941256,-158728.06265366796,68959.78164613388
12.88999999999998,-1.5872806265366797,0.6895978164613389,0.9338700454941256,-158728.06265366796,68959.78164613388
12.89999999999998,-1.5748420631306883,0.6830483066842998,0.9338575704550616,-157484.20631306883,68304.83066842999
12.89999999999998,-1.5748420631306883,0.6830483066842998,0.9338575704550616,-157484.20631306883,68304.83066842999
12.90999999999998,-1.562513313835235,0.6765974368238448,0.9338483995361936,-156251.3313835235,67659.74368238448
12.90999999999998,-1.562513313835235,0.6765974368238448,0.9338483995361936,-156251.3313835235,67659.74368238448
12.91999999999998,-1.55029292748528,0.6702437240947768,0.9338424674321456,-155029.292748528,67024.37240947768
12.91999999999998,-1.55029292748528,0.6702437240947768,0.9338424674321456,-155029.292748528,67024.37240947768
12.92999999999998,-1.538179482042675,0.6639857039631604,0.9338397098982056,-153817.9482042675,66398.57039631603
12.92999999999998,-1.538179482042675,0.6639857039631604,0.9338397098982056,-153817.9482042675,66398.57039631603
12.93999999999998,-1.5261715827614477,0.6578219293453019,0.933840063736136,-152617.15827614476,65782.19293453019
12.93999999999998,-1.5261715827614477,0.6578219293453019,0.933840063736136,-152617.15827614476,65782.19293453019
12.94999999999998,-1.514267860546272,0.6517509699637238,0.93384346678042,-151426.7860546272,65175.096996372384
12.94999999999998,-1.514267860546272,0.6517509699637238,0.93384346678042,-151426.7860546272,65175.096996372384
12.95999999999998,-1.5024669704961944,0.6457714118457345,0.9338498578848587,-150246.69704961943,64577.14118457345
12.95999999999998,-1.5024669704961944,0.6457714118457345,0.9338498578848587,-150246.69704961943,64577.14118457345
12.96999999999998,-1.490767590624515,0.6398818569504507,0.9338591769094547,-149076.7590624515,63988.185695045075
12.96999999999998,-1.490767590624515,0.6398818569504507,0.9338591769094547,-149076.7590624515,63988.185695045075
12.97999999999998,-1.4791684207449445,0.6340809229103364,0.9338713647075144,-147916.84207449446,63408.09229103363
12.97999999999998,-1.4791684207449445,0.6340809229103364,0.9338713647075144,-147916.84207449446,63408.09229103363
12.98999999999998,-1.467668181513358,0.6283672428738764,0.9338863631129216,-146766.8181513358,62836.72428738763
12.98999999999998,-1.467668181513358,0.6283672428738764,0.9338863631129216,-146766.8181513358,62836.72428738763
12.99999999999998,-1.456265613614108,0.6227394654363656,0.933904114927528,-145626.5613614108,62273.94654363656
12.99999999999998,-1.456265613614108,0.6227394654363656,0.933904114927528,-145626.5613614108,62273.94654363656
13.009999999999978,-1.4449594770794791,0.6171962546464687,0.9339245639086232,-144495.9477079479,61719.625464646866
13.009999999999978,-1.4449594770794791,0.6171962546464687,0.9339245639086232,-144495.9477079479,61719.625464646866
13.019999999999978,-1.4337485507307566,0.6117362900768033,0.9339476547564466,-143374.85507307565,61173.62900768033
13.019999999999978,-1.4337485507307566,0.6117362900768033,0.9339476547564466,-143374.85507307565,61173.62900768033
13.029999999999978,-1.42263163172937,0.6063582669474399,0.9339733331017128,-142263.16317293697,60635.82669474399
13.029999999999978,-1.42263163172937,0.6063582669474399,0.9339733331017128,-142263.16317293697,60635.82669474399
13.039999999999978,-1.4116075352266657,0.6010608962920009,0.9340015454931272,-141160.75352266658,60106.08962920008
13.039999999999978,-1.4116075352266657,0.6010608962920009,0.9340015454931272,-141160.75352266658,60106.08962920008
13.049999999999978,-1.4006750941011157,0.5958429051566521,0.9340322393848716,-140067.50941011158,59584.290515665205
13.049999999999978,-1.4006750941011157,0.5958429051566521,0.9340322393848716,-140067.50941011158,59584.290515665205
13.059999999999976,-1.3898331587720385,0.590703036823148,0.934065363124046,-138983.31587720386,59070.3036823148
13.059999999999976,-1.3898331587720385,0.590703036823148,0.934065363124046,-138983.31587720386,59070.3036823148
13.069999999999975,-1.3790805970793378,0.585640051047725,0.9341008659380614,-137908.05970793377,58564.0051047725
13.069999999999975,-1.3790805970793378,0.585640051047725,0.9341008659380614,-137908.05970793377,58564.0051047725
13.079999999999975,-1.368416294219182,0.5806527243084305,0.934138697921968,-136841.6294219182,58065.27243084305
13.079999999999975,-1.368416294219182,0.5806527243084305,0.934138697921968,-136841.6294219182,58065.27243084305
13.089999999999977,-1.3578391527260751,0.5757398500541966,0.9341788100257268,-135783.9152726075,57573.98500541966
13.089999999999977,-1.3578391527260751,0.5757398500541966,0.9341788100257268,-135783.9152726075,57573.98500541966
13.099999999999977,-1.3473480924923078,0.5709002389496749,0.9342211540414204,-134734.80924923078,57090.02389496749
13.099999999999977,-1.3473480924923078,0.5709002389496749,0.9342211540414204,-134734.80924923078,57090.02389496749
13.109999999999976,-1.336942050816356,0.5661327191105266,0.9342656825904062,-133694.20508163562,56613.27191105267
13.109999999999976,-1.336942050816356,0.5661327191105266,0.9342656825904062,-133694.20508163562,56613.27191105267
13.119999999999976,-1.326619982472409,0.5614361363245496,0.9343123491104224,-132661.9982472409,56143.61363245496
13.119999999999976,-1.326619982472409,0.5614361363245496,0.9343123491104224,-132661.9982472409,56143.61363245496
13.129999999999976,-1.3163808597938087,0.5568093542546492,0.9343611078426488,-131638.08597938088,55680.935425464915
13.129999999999976,-1.3163808597938087,0.5568093542546492,0.9343611078426488,-131638.08597938088,55680.935425464915
13.139999999999976,-1.3062236727638104,0.5522512546202879,0.9344119138187406,-130622.36727638103,55225.12546202879
13.139999999999976,-1.3062236727638104,0.5522512546202879,0.9344119138187406,-130622.36727638103,55225.12546202879
13.149999999999975,-1.2961474291077324,0.5477607373545554,0.9344647228478368,-129614.74291077323,54776.073735455546
13.149999999999975,-1.2961474291077324,0.5477607373545554,0.9344647228478368,-129614.74291077323,54776.073735455546
13.159999999999975,-1.286151154381109,0.5433367207346731,0.934519491503568,-128615.11543811091,54333.67207346731
13.159999999999975,-1.286151154381109,0.5433367207346731,0.934519491503568,-128615.11543811091,54333.67207346731
13.169999999999977,-1.2762338920491554,0.5389781414841079,0.9345761771110648,-127623.38920491554,53897.8141484108
13.169999999999977,-1.2762338920491554,0.5389781414841079,0.9345761771110648,-127623.38920491554,53897.8141484108
13.179999999999977,-1.2663947035533822,0.534683954845025,0.9346347377339912,-126639.47035533823,53468.39548450249
13.179999999999977,-1.2663947035533822,0.534683954845025,0.9346347377339912,-126639.47035533823,53468.39548450249
13.189999999999976,-1.2566326683617934,0.5304531346202609,0.9346951321616148,-125663.26683617935,53045.31346202609
13.189999999999976,-1.2566326683617934,0.5304531346202609,0.9346951321616148,-125663.26683617935,53045.31346202609
13.199999999999974,-1.246946883999669,0.5262846731842785,0.9347573198959236,-124694.6883999669,52628.46731842785
13.199999999999974,-1.246946883999669,0.5262846731842785,0.9347573198959236,-124694.6883999669,52628.46731842785
13.209999999999974,-1.2373364660584123,0.5221775814631175,0.9348212611388153,-123733.64660584123,52217.75814631175
13.209999999999974,-1.2373364660584123,0.5221775814631175,0.9348212611388153,-123733.64660584123,52217.75814631175
13.219999999999974,-1.227800548180517,0.5181308888834429,0.9348869167793624,-122780.05481805169,51813.0888883443
13.219999999999974,-1.227800548180517,0.5181308888834429,0.9348869167793624,-122780.05481805169,51813.0888883443
13.229999999999974,-1.218338282019058,0.5141436432913595,0.93495424838118,-121833.8282019058,51414.364329135955
13.229999999999974,-1.218338282019058,0.5141436432913595,0.93495424838118,-121833.8282019058,51414.364329135955
13.239999999999974,-1.208948837170704,0.510214910841632,0.935023218169898,-120894.8837170704,51021.49108416319
13.239999999999974,-1.208948837170704,0.510214910841632,0.935023218169898,-120894.8837170704,51021.49108416319
13.249999999999972,-1.1996314010814937,0.5063437758584328,0.935093789020764,-119963.14010814937,50634.37758584328
13.249999999999972,-1.1996314010814937,0.5063437758584328,0.935093789020764,-119963.14010814937,50634.37758584328
13.259999999999971,-1.1903851789251156,0.5025293406687672,0.9351659244463794,-119038.51789251156,50252.93406687672
13.259999999999971,-1.1903851789251156,0.5025293406687672,0.9351659244463794,-119038.51789251156,50252.93406687672
13.269999999999971,-1.1812093934537038,0.4987707254099546,0.935239588584591,-118120.93934537038,49877.072540995454
13.269999999999971,-1.1812093934537038,0.4987707254099546,0.935239588584591,-118120.93934537038,49877.072540995454
13.279999999999973,-1.1721032848214952,0.495067067812687,0.935314746186541,-117210.32848214952,49506.7067812687
13.279999999999973,-1.1721032848214952,0.495067067812687,0.935314746186541,-117210.32848214952,49506.7067812687
13.289999999999973,-1.163066110381962,0.4914175229613027,0.935391362604893,-116306.61103819619,49141.75229613027
13.289999999999973,-1.163066110381962,0.4914175229613027,0.935391362604893,-116306.61103819619,49141.75229613027
13.299999999999972,-1.1540971444592891,0.4878212630329603,0.9354694037822414,-115409.71444592891,48782.12630329603
13.299999999999972,-1.1540971444592891,0.4878212630329603,0.9354694037822414,-115409.71444592891,48782.12630329603
13.309999999999972,-1.1451956780952737,0.4842774770175021,0.9355488362397124,-114519.56780952736,48427.74770175021
13.309999999999972,-1.1451956780952737,0.4842774770175021,0.9355488362397124,-114519.56780952736,48427.74770175021
13.319999999999972,-1.1363610187729003,0.4807853704198522,0.935629627065768,-113636.10187729003,48078.53704198522
13.319999999999972,-1.1363610187729003,0.4807853704198522,0.935629627065768,-113636.10187729003,48078.53704198522
13.329999999999972,-1.1275924901180328,0.4773441649467577,0.9357117439052144,-112759.24901180327,47734.416494675774
13.329999999999972,-1.1275924901180328,0.4773441649467577,0.9357117439052144,-112759.24901180327,47734.416494675774
13.339999999999971,-1.118889431580753,0.4739530981797829,0.9357951549484316,-111888.94315807529,47395.30981797828
13.339999999999971,-1.118889431580753,0.4739530981797829,0.9357951549484316,-111888.94315807529,47395.30981797828
13.349999999999971,-1.110251198098027,0.4706114232363212,0.935879828920815,-111025.1198098027,47061.14232363212
13.349999999999971,-1.110251198098027,0.4706114232363212,0.935879828920815,-111025.1198098027,47061.14232363212
13.359999999999973,-1.1016771597394115,0.4673184084205464,0.9359657350724484,-110167.71597394114,46731.84084205464
13.359999999999973,-1.1016771597394115,0.4673184084205464,0.9359657350724484,-110167.71597394114,46731.84084205464
13.36999999999997,-1.093166701337626,0.4640733368660013,0.9360528431679984,-109316.67013376261,46407.33368660013
13.36999999999997,-1.093166701337626,0.4640733368660013,0.9360528431679984,-109316.67013376261,46407.33368660013
13.37999999999997,-1.0847192221057993,0.4608755061716125,0.936141123476846,-108471.92221057993,46087.55061716125
13.37999999999997,-1.0847192221057993,0.4608755061716125,0.936141123476846,-108471.92221057993,46087.55061716125
13.38999999999997,-1.0763341352432632,0.4577242280327893,0.9362305467634428,-107633.41352432632,45772.42280327893
13.38999999999997,-1.0763341352432632,0.4577242280327893,0.9362305467634428,-107633.41352432632,45772.42280327893
13.39999999999997,-1.0680108675317337,0.4546188278692358,0.936321084277907,-106801.08675317337,45461.88278692358
13.39999999999997,-1.0680108675317337,0.4546188278692358,0.936321084277907,-106801.08675317337,45461.88278692358
13.40999999999997,-1.059748858923735,0.451558644450968,0.9364127077468472,-105974.88589237348,45155.8644450968
13.40999999999997,-1.059748858923735,0.451558644450968,0.9364127077468472,-105974.88589237348,45155.8644450968
13.41999999999997,-1.0515475621250587,0.4485430295240624,0.936505389364423,-105154.75621250588,44854.30295240624
13.41999999999997,-1.0515475621250587,0.4485430295240624,0.936505389364423,-105154.75621250588,44854.30295240624
13.42999999999997,-1.0434064421730247,0.4455713474374553,0.936599101783632,-104340.64421730247,44557.134743745526
13.42999999999997,-1.0434064421730247,0.4455713474374553,0.936599101783632,-104340.64421730247,44557.134743745526
13.43999999999997,-1.035324976012272,0.4426429747720898,0.9366938181078304,-103532.49760122721,44264.29747720898
13.43999999999997,-1.035324976012272,0.4426429747720898,0.9366938181078304,-103532.49760122721,44264.29747720898
13.449999999999967,-1.027302652069716,0.4397572999735946,0.9367895118824768,-102730.2652069716,43975.72999735946
13.449999999999967,-1.027302652069716,0.4397572999735946,0.9367895118824768,-102730.2652069716,43975.72999735946
13.459999999999969,-1.0193389698302349,0.4369137229896195,0.936886157087101,-101933.89698302349,43691.37229896195
13.459999999999969,-1.0193389698302349,0.4369137229896195,0.936886157087101,-101933.89698302349,43691.37229896195
13.469999999999969,-1.011433439414603,0.4341116549128115,0.936983728127491,-101143.34394146029,43411.16549128115
13.469999999999969,-1.011433439414603,0.4341116549128115,0.936983728127491,-101143.34394146029,43411.16549128115
13.479999999999968,-1.0035855811610537,0.4313505176303173,0.9370821998280968,-100358.55811610536,43135.051763031726
13.479999999999968,-1.0035855811610537,0.4313505176303173,0.9370821998280968,-100358.55811610536,43135.051763031726
13.489999999999968,-0.995794925211818,0.4286297434806752,0.937181547424645,-99579.4925211818,42862.97434806752
13.489999999999968,-0.995794925211818,0.4286297434806752,0.937181547424645,-99579.4925211818,42862.97434806752
13.499999999999968,-0.9880610111058185,0.4259487749187991,0.9372817465569576,-98806.10111058185,42594.87749187991
13.499999999999968,-0.9880610111058185,0.4259487749187991,0.9372817465569576,-98806.10111058185,42594.87749187991
13.509999999999968,-0.9803833873786936,0.4233070641896504,0.937382773261973,-98038.33873786936,42330.70641896504
13.509999999999968,-0.9803833873786936,0.4233070641896504,0.937382773261973,-98038.33873786936,42330.70641896504
13.519999999999968,-0.9727616111711248,0.4207040730112323,0.9374846039669634,-97276.16111711248,42070.40730112323
13.519999999999968,-0.9727616111711248,0.4207040730112323,0.9374846039669634,-97276.16111711248,42070.40730112323
13.529999999999967,-0.9651952478464404,0.4181392722672545,0.9375872154829396,-96519.52478464403,41813.92722672545
13.529999999999967,-0.9651952478464404,0.4181392722672545,0.9375872154829396,-96519.52478464403,41813.92722672545
13.539999999999967,-0.9576838706182828,0.41561214170994,0.93769058499824,-95768.38706182827,41561.214170994
13.539999999999967,-0.9576838706182828,0.41561214170994,0.93769058499824,-95768.38706182827,41561.214170994
13.549999999999969,-0.950227060189094,0.4131221696732119,0.9377946900722968,-95022.70601890939,41312.2169673212
13.549999999999969,-0.950227060189094,0.4131221696732119,0.9377946900722968,-95022.70601890939,41312.2169673212
13.559999999999969,-0.9428244044000286,0.4106688527965276,0.9378995086295772,-94282.44044000286,41066.88527965276
13.559999999999969,-0.9428244044000286,0.4106688527965276,0.9378995086295772,-94282.44044000286,41066.88527965276
13.569999999999968,-0.9354754978928526,0.4082516957594785,0.9380050189536838,-93547.54978928526,40825.16957594785
13.569999999999968,-0.9354754978928526,0.4082516957594785,0.9380050189536838,-93547.54978928526,40825.16957594785
13.579999999999966,-0.9281799417842383,0.4058702110272804,0.9381111996816192,-92817.99417842383,40587.02110272804
13.579999999999966,-0.9281799417842383,0.4058702110272804,0.9381111996816192,-92817.99417842383,40587.02110272804
13.589999999999966,-0.9209373433528464,0.4035239186071433,0.9382180297982012,-92093.73433528464,40352.39186071433
13.589999999999966,-0.9209373433528464,0.4035239186071433,0.9382180297982012,-92093.73433528464,40352.39186071433
13.599999999999966,-0.9137473157394356,0.4012123458155195,0.9383254886306246,-91374.73157394356,40121.23458155195
13.599999999999966,-0.9137473157394356,0.4012123458155195,0.9383254886306246,-91374.73157394356,40121.23458155195
13.609999999999966,-0.9066094776602038,0.3989350270561437,0.9384335558431643,-90660.94776602038,39893.50270561437
13.609999999999966,-0.9066094776602038,0.3989350270561437,0.9384335558431643,-90660.94776602038,39893.50270561437
13.619999999999964,-0.8995234531334502,0.3966915036087225,0.9385422114320134,-89952.34531334501,39669.150360872256
13.619999999999964,-0.8995234531334502,0.3966915036087225,0.9385422114320134,-89952.34531334501,39669.150360872256
13.629999999999963,-0.8924888712196305,0.394481323428093,0.9386514357202468,-89248.88712196305,39448.132342809295
13.629999999999963,-0.8924888712196305,0.394481323428093,0.9386514357202468,-89248.88712196305,39448.132342809295
13.639999999999963,-0.8855053657747313,0.3923040409536741,0.938761209352911,-88550.53657747313,39230.40409536741
13.639999999999963,-0.8855053657747313,0.3923040409536741,0.938761209352911,-88550.53657747313,39230.40409536741
13.649999999999965,-0.878572575216916,0.3901592169289069,0.9388715132922298,-87857.2575216916,39015.9216928907
13.649999999999965,-0.878572575216916,0.3901592169289069,0.9388715132922298,-87857.2575216916,39015.9216928907
13.659999999999965,-0.8716901423062414,0.3880464182304511,0.9389823288129204,-87169.01423062413,38804.64182304511
13.659999999999965,-0.8716901423062414,0.3880464182304511,0.9389823288129204,-87169.01423062413,38804.64182304511
13.669999999999964,-0.8648577139372884,0.3859652177067973,0.9390936374976172,-86485.77139372884,38596.521770679734
13.669999999999964,-0.8648577139372884,0.3859652177067973,0.9390936374976172,-86485.77139372884,38596.521770679734
13.679999999999964,-0.8580749409444081,0.383915194026008,0.9392054212323956,-85807.4940944408,38391.5194026008
13.679999999999964,-0.8580749409444081,0.383915194026008,0.9392054212323956,-85807.4940944408,38391.5194026008
13.689999999999964,-0.8513414779193201,0.3818959315321693,0.9393176622023915,-85134.14779193202,38189.59315321693
13.689999999999964,-0.8513414779193201,0.3818959315321693,0.9393176622023915,-85134.14779193202,38189.59315321693
13.699999999999964,-0.8446569830407075,0.3799070201102797,0.9394303428875151,-84465.69830407074,37990.70201102797
13.699999999999964,-0.8446569830407075,0.3799070201102797,0.9394303428875151,-84465.69830407074,37990.70201102797
13.709999999999964,-0.838021117915444,0.3779480550591099,0.9395434460582472,-83802.11179154439,37794.80550591098
13.709999999999964,-0.838021117915444,0.3779480550591099,0.9395434460582472,-83802.11179154439,37794.80550591098
13.719999999999963,-0.8314335474310576,0.3760186369717155,0.93965695477152,-83143.35474310575,37601.86369717155
13.719999999999963,-0.8314335474310576,0.3760186369717155,0.93965695477152,-83143.35474310575,37601.86369717155
13.729999999999963,-0.8248939396189863,0.3741183716231915,0.939770852366678,-82489.39396189862,37411.837162319156
13.729999999999963,-0.8248939396189863,0.3741183716231915,0.939770852366678,-82489.39396189862,37411.837162319156
13.739999999999965,-0.8184019655282236,0.3722468698652351,0.939885122461509,-81840.19655282237,37224.686986523506
13.739999999999965,-0.8184019655282236,0.3722468698652351,0.939885122461509,-81840.19655282237,37224.686986523506
13.749999999999964,-0.8119572991088264,0.3704037475272138,0.93999974894835,-81195.72991088264,37040.37475272138
13.749999999999964,-0.8119572991088264,0.3704037475272138,0.93999974894835,-81195.72991088264,37040.37475272138
13.759999999999962,-0.8055596171048786,0.3685886253232424,0.9401147159902592,-80555.96171048786,36858.86253232424
13.759999999999962,-0.8055596171048786,0.3685886253232424,0.9401147159902592,-80555.96171048786,36858.86253232424
13.769999999999962,-0.7992085989563672,0.3668011287649678,0.9402300080172492,-79920.85989563672,36680.11287649678
13.769999999999962,-0.7992085989563672,0.3668011287649678,0.9402300080172492,-79920.85989563672,36680.11287649678
13.779999999999962,-0.7929039267095329,0.3650408880795963,0.940345609722586,-79290.39267095328,36504.08880795963
13.779999999999962,-0.7929039267095329,0.3650408880795963,0.940345609722586,-79290.39267095328,36504.08880795963
13.789999999999962,-0.7866452849351648,0.3633075381328748,0.9404615060591416,-78664.5284935165,36330.75381328748
13.789999999999962,-0.7866452849351648,0.3633075381328748,0.9404615060591416,-78664.5284935165,36330.75381328748
13.799999999999962,-0.7804323606543535,0.3616007183566097,0.9405776822358054,-78043.23606543535,36160.071835660965
13.799999999999962,-0.7804323606543535,0.3616007183566097,0.9405776822358054,-78043.23606543535,36160.071835660965
13.80999999999996,-0.7742648432712402,0.3599200726803513,0.9406941237139465,-77426.48432712402,35992.00726803513
13.80999999999996,-0.7742648432712402,0.3599200726803513,0.9406941237139465,-77426.48432712402,35992.00726803513
13.81999999999996,-0.7681424245122502,0.3582652494669662,0.9408108162039268,-76814.24245122503,35826.52494669662
13.81999999999996,-0.7681424245122502,0.3582652494669662,0.9408108162039268,-76814.24245122503,35826.52494669662
13.82999999999996,-0.7620647983713466,0.3566359014517077,0.940927745661665,-76206.47983713466,35663.59014517077
13.82999999999996,-0.7620647983713466,0.3566359014517077,0.940927745661665,-76206.47983713466,35663.59014517077
13.83999999999996,-0.7560316610608532,0.3550316856844904,0.9410448982852444,-75603.16610608532,35503.168568449044
13.83999999999996,-0.7560316610608532,0.3550316856844904,0.9410448982852444,-75603.16610608532,35503.168568449044
13.84999999999996,-0.7500427109673675,0.3534522634750858,0.9411622605115672,-75004.27109673676,35345.22634750858
13.84999999999996,-0.7500427109673675,0.3534522634750858,0.9411622605115672,-75004.27109673676,35345.22634750858
13.85999999999996,-0.7440976486123592,0.3518973003409101,0.941279819013052,-74409.76486123592,35189.73003409101
13.85999999999996,-0.7440976486123592,0.3518973003409101,0.941279819013052,-74409.76486123592,35189.73003409101
13.86999999999996,-0.738196176617012,0.3503664659571681,0.9413975606943734,-73819.6176617012,35036.64659571681
13.86999999999996,-0.738196176617012,0.3503664659571681,0.9413975606943734,-73819.6176617012,35036.64659571681
13.87999999999996,-0.7323379996709006,0.3488594341090975,0.9415154726892412,-73233.79996709008,34885.94341090975
13.87999999999996,-0.7323379996709006,0.3488594341090975,0.9415154726892412,-73233.79996709008,34885.94341090975
13.88999999999996,-0.7265228245041291,0.3473758826460472,0.9416335423572209,-72652.28245041291,34737.58826460472
13.88999999999996,-0.7265228245041291,0.3473758826460472,0.9416335423572209,-72652.28245041291,34737.58826460472
13.89999999999996,-0.7207503598625552,0.3459154934371866,0.9417517572805896,-72075.03598625552,34591.54934371865
13.89999999999996,-0.7207503598625552,0.3459154934371866,0.9417517572805896,-72075.03598625552,34591.54934371865
13.90999999999996,-0.7150203164857336,0.3444779523286461,0.9418701052612332,-71502.03164857335,34447.79523286461
13.90999999999996,-0.7150203164857336,0.3444779523286461,0.9418701052612332,-71502.03164857335,34447.79523286461
13.91999999999996,-0.7093324070872823,0.3430629491018592,0.941988574317576,-70933.24070872822,34306.29491018592
13.91999999999996,-0.7093324070872823,0.3430629491018592,0.941988574317576,-70933.24070872822,34306.29491018592
13.92999999999996,-0.7036863463373245,0.3416701774329753,0.9421071526815498,-70368.63463373245,34167.01774329753
13.92999999999996,-0.7036863463373245,0.3416701774329753,0.9421071526815498,-70368.63463373245,34167.01774329753
13.93999999999996,-0.6980818508467348,0.3402993348531558,0.9422258287955956,-69808.18508467347,34029.933485315574
13.93999999999996,-0.6980818508467348,0.3402993348531558,0.9422258287955956,-69808.18508467347,34029.933485315574
13.949999999999958,-0.6925186391529115,0.3389501227095988,0.9423445913097004,-69251.86391529115,33895.01227095988
13.949999999999958,-0.6925186391529115,0.3389501227095988,0.9423445913097004,-69251.86391529115,33895.01227095988
13.959999999999958,-0.6869964317068271,0.3376222461271803,0.94246342907847,-68699.64317068271,33762.22461271803
13.959999999999958,-0.6869964317068271,0.3376222461271803,0.94246342907847,-68699.64317068271,33762.22461271803
13.969999999999958,-0.6815149508611201,0.3363154139705828,0.9425823311582314,-68151.495086112,33631.54139705828
13.969999999999958,-0.6815149508611201,0.3363154139705828,0.9425823311582314,-68151.495086112,33631.54139705828
13.979999999999958,-0.6760739208590153,0.3350293388068016,0.9427012868041728,-67607.39208590153,33502.93388068016
13.979999999999958,-0.6760739208590153,0.3350293388068016,0.9427012868041728,-67607.39208590153,33502.93388068016
13.989999999999958,-0.6706730678238889,0.333763736867935,0.9428202854675142,-67067.30678238889,33376.3736867935
13.989999999999958,-0.6706730678238889,0.333763736867935,0.9428202854675142,-67067.30678238889,33376.3736867935
13.999999999999956,-0.6653121197492858,0.3325183280141893,0.94293931679271,-66531.21197492858,33251.83280141893
13.999999999999956,-0.6653121197492858,0.3325183280141893,0.94293931679271,-66531.21197492858,33251.83280141893
14.009999999999955,-0.6599908064892455,0.3312928356970075,0.943058370614686,-65999.08064892454,33129.283569700754
14.009999999999955,-0.6599908064892455,0.3312928356970075,0.943058370614686,-65999.08064892454,33129.283569700754
14.019999999999955,-0.6547088597487946,0.330086986922277,0.9431774369561068,-65470.88597487946,33008.6986922277
14.019999999999955,-0.6547088597487946,0.330086986922277,0.9431774369561068,-65470.88597487946,33008.6986922277
14.029999999999957,-0.6494660130744667,0.328900512213571,0.9432965060246764,-64946.601307446675,32890.0512213571
14.029999999999957,-0.6494660130744667,0.328900512213571,0.9432965060246764,-64946.601307446675,32890.0512213571
14.039999999999957,-0.6442620018447656,0.3277331455753549,0.9434155682104688,-64426.200184476555,32773.31455753549
14.039999999999957,-0.6442620018447656,0.3277331455753549,0.9434155682104688,-64426.200184476555,32773.31455753549
14.049999999999956,-0.6390965632604642,0.3265846244561568,0.9435346140832936,-63909.65632604642,32658.46244561568
14.049999999999956,-0.6390965632604642,0.3265846244561568,0.9435346140832936,-63909.65632604642,32658.46244561568
14.059999999999956,-0.6339694363346482,0.3254546897116786,0.9436536343900894,-63396.94363346482,32545.468971167862
14.059999999999956,-0.6339694363346482,0.3254546897116786,0.9436536343900894,-63396.94363346482,32545.468971167862
14.069999999999956,-0.6288803618824749,0.324343085567782,0.9437726200523504,-62888.03618824749,32434.308556778204
14.069999999999956,-0.6288803618824749,0.324343085567782,0.9437726200523504,-62888.03618824749,32434.308556778204
14.079999999999956,-0.6238290825105497,0.3232495595834114,0.9438915621635848,-62382.90825105497,32324.95595834114
14.079999999999956,-0.6238290825105497,0.3232495595834114,0.9438915621635848,-62382.90825105497,32324.95595834114
14.089999999999955,-0.6188153426059115,0.3221738626134015,0.9440104519868032,-61881.53426059116,32217.386261340147
14.089999999999955,-0.6188153426059115,0.3221738626134015,0.9440104519868032,-61881.53426059116,32217.386261340147
14.099999999999955,-0.6138388883245784,0.3211157487711813,0.9441292809520394,-61383.88883245785,32111.57487711813
14.099999999999955,-0.6138388883245784,0.3211157487711813,0.9441292809520394,-61383.88883245785,32111.57487711813
14.109999999999957,-0.6088994675796442,0.3200749753913794,0.9442480406539006,-60889.94675796442,32007.49753913794
14.109999999999957,-0.6088994675796442,0.3200749753913794,0.9442480406539006,-60889.94675796442,32007.49753913794
14.119999999999957,-0.6039968300288964,0.3190513029923578,0.94436672284915,-60399.683002889644,31905.13029923578
14.119999999999957,-0.6039968300288964,0.3190513029923578,0.94436672284915,-60399.683002889644,31905.13029923578
14.129999999999956,-0.5991307270619747,0.3180444952386639,0.9444853194543192,-59913.07270619747,31804.449523866388
14.129999999999956,-0.5991307270619747,0.3180444952386639,0.9444853194543192,-59913.07270619747,31804.449523866388
14.139999999999954,-0.5943009117870535,0.3170543189034334,0.9446038225433514,-59430.09117870535,31705.431890343338
14.139999999999954,-0.5943009117870535,0.3170543189034334,0.9446038225433514,-59430.09117870535,31705.431890343338
14.149999999999954,-0.5895071390170645,0.3160805438307659,0.944722224345276,-58950.71390170645,31608.05438307659
14.149999999999954,-0.5895071390170645,0.3160805438307659,0.944722224345276,-58950.71390170645,31608.05438307659
14.159999999999954,-0.5847491652554855,0.3151229428980827,0.944840517241912,-58474.91652554855,31512.29428980827
14.159999999999954,-0.5847491652554855,0.3151229428980827,0.944840517241912,-58474.91652554855,31512.29428980827
14.169999999999954,-0.580026748681694,0.314181291978505,0.9449586937656032,-58002.67486816941,31418.129197850496
14.169999999999954,-0.580026748681694,0.314181291978505,0.9449586937656032,-58002.67486816941,31418.129197850496
14.179999999999954,-0.5753396491359417,0.3132553699032609,0.945076746596982,-57533.96491359417,31325.53699032609
14.179999999999954,-0.5753396491359417,0.3132553699032609,0.945076746596982,-57533.96491359417,31325.53699032609
14.189999999999952,-0.5706876281039448,0.3123449584241797,0.9451946685627646,-57068.76281039448,31234.49584241797
14.189999999999952,-0.5706876281039448,0.3123449584241797,0.9451946685627646,-57068.76281039448,31234.49584241797
14.199999999999951,-0.5660704487011551,0.311449842176252,0.945312452633574,-56607.04487011551,31144.984217625202
14.199999999999951,-0.5660704487011551,0.311449842176252,0.945312452633574,-56607.04487011551,31144.984217625202
14.209999999999951,-0.5614878756567151,0.3105698086403445,0.9454300919217952,-56148.78756567151,31056.980864034453
14.209999999999951,-0.5614878756567151,0.3105698086403445,0.9454300919217952,-56148.78756567151,31056.980864034453
14.219999999999953,-0.556939675297165,0.3097046481060311,0.9455475796794566,-55693.96752971651,30970.46481060311
14.219999999999953,-0.556939675297165,0.3097046481060311,0.9455475796794566,-55693.96752971651,30970.46481060311
14.229999999999952,-0.5524256155299156,0.308854153634619,0.9456649092961424,-55242.56155299156,30885.4153634619
14.229999999999952,-0.5524256155299156,0.308854153634619,0.9456649092961424,-55242.56155299156,30885.4153634619
14.239999999999952,-0.547945465826536,0.3080181210223846,0.9457820742969334,-54794.5465826536,30801.81210223846
14.239999999999952,-0.547945465826536,0.3080181210223846,0.9457820742969334,-54794.5465826536,30801.81210223846
14.249999999999952,-0.5434989972059006,0.3071963487640177,0.9458990683403764,-54349.89972059005,30719.63487640177
14.249999999999952,-0.5434989972059006,0.3071963487640177,0.9458990683403764,-54349.89972059005,30719.63487640177
14.259999999999952,-0.5390859822172255,0.3063886380163372,0.9460158852164816,-53908.598221722554,30638.86380163372
14.259999999999952,-0.5390859822172255,0.3063886380163372,0.9460158852164816,-53908.598221722554,30638.86380163372
14.269999999999952,-0.5347061949230365,0.3055947925622885,0.946132518844748,-53470.619492303646,30559.47925622885
14.269999999999952,-0.5347061949230365,0.3055947925622885,0.946132518844748,-53470.619492303646,30559.47925622885
14.279999999999951,-0.5303594108821141,0.3048146187752324,0.9462489632722167,-53035.94108821142,30481.46187752324
14.279999999999951,-0.5303594108821141,0.3048146187752324,0.9462489632722167,-53035.94108821142,30481.46187752324
14.289999999999951,-0.5260454071324449,0.3040479255835729,0.9463652126715528,-52604.54071324448,30404.79255835729
14.289999999999951,-0.5260454071324449,0.3040479255835729,0.9463652126715528,-52604.54071324448,30404.79255835729
14.299999999999953,-0.5217639621742246,0.303294524435717,0.946481261339151,-52176.396217422465,30329.4524435717
14.299999999999953,-0.5217639621742246,0.303294524435717,0.946481261339151,-52176.396217422465,30329.4524435717
14.30999999999995,-0.5175148559529383,0.3025542292654132,0.9465971036932724,-51751.48559529384,30255.42292654132
14.30999999999995,-0.5175148559529383,0.3025542292654132,0.9465971036932724,-51751.48559529384,30255.42292654132
14.31999999999995,-0.5132978698425589,0.3018268564574687,0.9467127342722048,-51329.78698425589,30182.68564574687
14.31999999999995,-0.5132978698425589,0.3018268564574687,0.9467127342722048,-51329.78698425589,30182.68564574687
14.32999999999995,-0.5091127866288959,0.3011122248138668,0.94682814773245,-50911.27866288959,30111.22248138668
14.32999999999995,-0.5091127866288959,0.3011122248138668,0.94682814773245,-50911.27866288959,30111.22248138668
14.33999999999995,-0.5049593904931272,0.3004101555202826,0.9469433388469374,-50495.93904931272,30041.01555202826
14.33999999999995,-0.5049593904931272,0.3004101555202826,0.9469433388469374,-50495.93904931272,30041.01555202826
14.34999999999995,-0.5008374669955246,0.299720472113062,0.9470583025032624,-50083.74669955245,29972.047211306202
14.34999999999995,-0.5008374669955246,0.299720472113062,0.9470583025032624,-50083.74669955245,29972.047211306202
14.35999999999995,-0.4967468030594258,0.2990430004466049,0.94717303370195,-49674.68030594258,29904.300044660493
14.35999999999995,-0.4967468030594258,0.2990430004466049,0.94717303370195,-49674.68030594258,29904.300044660493
14.36999999999995,-0.4926871869554596,0.2983775686612129,0.9472875275547448,-49268.718695545955,29837.75686612129
14.36999999999995,-0.4926871869554596,0.2983775686612129,0.9472875275547448,-49268.718695545955,29837.75686612129
14.37999999999995,-0.4886584082860467,0.2977240071513927,0.9474017792829216,-48865.84082860467,29772.40071513927
14.37999999999995,-0.4886584082860467,0.2977240071513927,0.9474017792829216,-48865.84082860467,29772.40071513927
14.389999999999947,-0.484660257970201,0.2970821485346239,0.947515784215626,-48466.0257970201,29708.214853462392
14.389999999999947,-0.484660257970201,0.2970821485346239,0.947515784215626,-48466.0257970201,29708.214853462392
14.399999999999949,-0.4806925282286518,0.2964518276205866,0.947629537788232,-48069.25282286518,29645.182762058655
14.399999999999949,-0.4806925282286518,0.2964518276205866,0.947629537788232,-48069.25282286518,29645.182762058655
14.409999999999949,-0.4767550125692876,0.2958328813808794,0.9477430355407288,-47675.50125692876,29583.288138087937
14.409999999999949,-0.4767550125692876,0.2958328813808794,0.9477430355407288,-47675.50125692876,29583.288138087937
14.419999999999948,-0.4728475057729475,0.2952251489192037,0.9478562731161272,-47284.750577294755,29522.514891920368
14.419999999999948,-0.4728475057729475,0.2952251489192037,0.9478562731161272,-47284.750577294755,29522.514891920368
14.429999999999948,-0.4689698038795739,0.2946284714420171,0.9479692462588896,-46896.98038795739,29462.84714420171
14.429999999999948,-0.4689698038795739,0.2946284714420171,0.9479692462588896,-46896.98038795739,29462.84714420171
14.439999999999948,-0.4651217041747143,0.2940426922296911,0.9480819508133832,-46512.17041747143,29404.26922296911
14.439999999999948,-0.4651217041747143,0.2940426922296911,0.9480819508133832,-46512.17041747143,29404.26922296911
14.449999999999948,-0.4613030051764083,0.2934676566081098,0.9481943827223536,-46130.300517640826,29346.76566081098
14.449999999999948,-0.4613030051764083,0.2934676566081098,0.9481943827223536,-46130.300517640826,29346.76566081098
14.459999999999948,-0.4575135066224367,0.2929032119207759,0.9483065380254224,-45751.35066224367,29290.321192077587
14.459999999999948,-0.4575135066224367,0.2929032119207759,0.9483065380254224,-45751.35066224367,29290.321192077587
14.469999999999947,-0.4537530094579583,0.2923492075013604,0.948418412857602,-45375.30094579583,29234.92075013604
14.469999999999947,-0.4537530094579583,0.2923492075013604,0.948418412857602,-45375.30094579583,29234.92075013604
14.479999999999947,-0.4500213158235192,0.2918054946467406,0.9485300034478368,-45002.13158235192,29180.54946467406
14.479999999999947,-0.4500213158235192,0.2918054946467406,0.9485300034478368,-45002.13158235192,29180.54946467406
14.489999999999949,-0.4463182290434413,0.2912719265904997,0.9486413061175608,-44631.82290434413,29127.19265904997
14.489999999999949,-0.4463182290434413,0.2912719265904997,0.9486413061175608,-44631.82290434413,29127.19265904997
14.499999999999948,-0.4426435536145914,0.2907483584768614,0.9487523172792762,-44264.355361459144,29074.835847686143
14.499999999999948,-0.4426435536145914,0.2907483584768614,0.9487523172792762,-44264.355361459144,29074.835847686143
14.509999999999946,-0.4389970951955206,0.2902346473350962,0.9488630334351544,-43899.70951955206,29023.46473350962
14.509999999999946,-0.4389970951955206,0.2902346473350962,0.9488630334351544,-43899.70951955206,29023.46473350962
14.519999999999946,-0.4353786605959704,0.2897306520543731,0.9489734511756536,-43537.866059597036,28973.06520543731
14.519999999999946,-0.4353786605959704,0.2897306520543731,0.9489734511756536,-43537.866059597036,28973.06520543731
14.529999999999946,-0.431788057766749,0.2892362333590282,0.9490835671781576,-43178.8057766749,28923.623335902823
14.529999999999946,-0.431788057766749,0.2892362333590282,0.9490835671781576,-43178.8057766749,28923.623335902823
14.539999999999946,-0.4282250957899489,0.2887512537842802,0.9491933782056328,-42822.50957899488,28875.12537842802
14.539999999999946,-0.4282250957899489,0.2887512537842802,0.9491933782056328,-42822.50957899488,28875.12537842802
14.549999999999946,-0.4246895848695328,0.2882755776523529,0.9493028811053044,-42468.95848695328,28827.55776523529
14.549999999999946,-0.4246895848695328,0.2882755776523529,0.9493028811053044,-42468.95848695328,28827.55776523529
14.559999999999944,-0.4211813363222402,0.2878090710490114,0.94941207280735,-42118.133632224024,28780.90710490114
14.559999999999944,-0.4211813363222402,0.2878090710490114,0.94941207280735,-42118.133632224024,28780.90710490114
14.569999999999943,-0.4177001625688304,0.2873516018005115,0.9495209503236132,-41770.01625688304,28735.160180051153
14.569999999999943,-0.4177001625688304,0.2873516018005115,0.9495209503236132,-41770.01625688304,28735.160180051153
14.579999999999943,-0.4142458771256459,0.2869030394509222,0.9496295107463332,-41424.58771256459,28690.30394509222
14.579999999999943,-0.4142458771256459,0.2869030394509222,0.9496295107463332,-41424.58771256459,28690.30394509222
14.589999999999945,-0.4108182945964803,0.2864632552398509,0.9497377512468932,-41081.82945964803,28646.325523985088
14.589999999999945,-0.4108182945964803,0.2864632552398509,0.9497377512468932,-41081.82945964803,28646.325523985088
14.599999999999945,-0.4074172306647481,0.2860321220805208,0.9498456690745845,-40741.72306647481,28603.21220805208
14.599999999999945,-0.4074172306647481,0.2860321220805208,0.9498456690745845,-40741.72306647481,28603.21220805208
14.609999999999944,-0.4040425020859339,0.2856095145382315,0.9499532615553892,-40404.25020859339,28560.951453823152
14.609999999999944,-0.4040425020859339,0.2856095145382315,0.9499532615553892,-40404.25020859339,28560.951453823152
14.619999999999944,-0.4006939266803173,0.2851953088091636,0.9500605260907794,-40069.39266803173,28519.53088091636
14.619999999999944,-0.4006939266803173,0.2851953088091636,0.9500605260907794,-40069.39266803173,28519.53088091636
14.629999999999944,-0.3973713233259587,0.2847893826995367,0.9501674601565318,-39737.13233259587,28478.93826995367
14.629999999999944,-0.3973713233259587,0.2847893826995367,0.9501674601565318,-39737.13233259587,28478.93826995367
14.639999999999944,-0.3940745119519356,0.2843916156050846,0.9502740613015596,-39407.45119519356,28439.16156050846
14.639999999999944,-0.3940745119519356,0.2843916156050846,0.9502740613015596,-39407.45119519356,28439.16156050846
14.649999999999944,-0.3908033135318063,0.2840018884908843,0.9503803271467604,-39080.331353180634,28400.18884908843
14.649999999999944,-0.3908033135318063,0.2840018884908843,0.9503803271467604,-39080.331353180634,28400.18884908843
14.659999999999943,-0.3875575500773114,0.283620083871471,0.9504862553838784,-38755.75500773114,28362.0083871471
14.659999999999943,-0.3875575500773114,0.283620083871471,0.9504862553838784,-38755.75500773114,28362.0083871471
14.669999999999945,-0.3843370446322772,0.2832460857912817,0.950591843774384,-38433.70446322772,28324.60857912817
14.669999999999945,-0.3843370446322772,0.2832460857912817,0.950591843774384,-38433.70446322772,28324.60857912817
14.679999999999945,-0.3811416212667162,0.282879779805396,0.9506970901483676,-38114.16212667162,28287.977980539603
14.679999999999945,-0.3811416212667162,0.282879779805396,0.9506970901483676,-38114.16212667162,28287.977980539603
14.689999999999944,-0.3779711050711207,0.2825210529605571,0.9508019924034484,-37797.11050711207,28252.105296055706
14.689999999999944,-0.3779711050711207,0.2825210529605571,0.9508019924034484,-37797.11050711207,28252.105296055706
14.699999999999942,-0.3748253221509341,0.282169793776481,0.9509065485036992,-37482.53221509341,28216.979377648102
14.699999999999942,-0.3748253221509341,0.282169793776481,0.9509065485036992,-37482.53221509341,28216.979377648102
14.709999999999942,-0.3717040996211781,0.2818258922274314,0.9510107564785832,-37170.40996211781,28182.58922274314
14.709999999999942,-0.3717040996211781,0.2818258922274314,0.9510107564785832,-37170.40996211781,28182.58922274314
14.719999999999942,-0.3686072656012368,0.2814892397240814,0.951114614421909,-36860.72656012368,28148.92397240814
14.719999999999942,-0.3686072656012368,0.2814892397240814,0.951114614421909,-36860.72656012368,28148.92397240814
14.729999999999942,-0.3655346492097839,0.2811597290956051,0.9512181204907963,-36553.46492097839,28115.97290956051
14.729999999999942,-0.3655346492097839,0.2811597290956051,0.9512181204907963,-36553.46492097839,28115.97290956051
14.739999999999942,-0.3624860805598418,0.280837254572037,0.9513212729046576,-36248.60805598418,28083.7254572037
14.739999999999942,-0.3624860805598418,0.280837254572037,0.9513212729046576,-36248.60805598418,28083.7254572037
14.74999999999994,-0.3594613907539612,0.2805217117668654,0.951424069944193,-35946.139075396124,28052.17117668654
14.74999999999994,-0.3594613907539612,0.2805217117668654,0.951424069944193,-35946.139075396124,28052.17117668654
14.75999999999994,-0.3564604118795076,0.2802129976598849,0.951526509950399,-35646.04118795076,28021.29976598849
14.75999999999994,-0.3564604118795076,0.2802129976598849,0.951526509950399,-35646.04118795076,28021.29976598849
14.76999999999994,-0.3534829770040624,0.2799110105802411,0.9516285913235903,-35348.29770040624,27991.10105802411
14.76999999999994,-0.3534829770040624,0.2799110105802411,0.9516285913235903,-35348.29770040624,27991.10105802411
14.77999999999994,-0.3505289201709045,0.279615650189738,0.951730312522436,-35052.892017090446,27961.5650189738
14.77999999999994,-0.3505289201709045,0.279615650189738,0.951730312522436,-35052.892017090446,27961.5650189738
14.78999999999994,-0.3475980763945889,0.2793268174663375,0.9518316720630062,-34759.807639458886,27932.681746633745
14.78999999999994,-0.3475980763945889,0.2793268174663375,0.9518316720630062,-34759.807639458886,27932.681746633745
14.79999999999994,-0.3446902816565973,0.2790444146878837,0.9519326685178354,-34469.028165659736,27904.44146878837
14.79999999999994,-0.3446902816565973,0.2790444146878837,0.9519326685178354,-34469.028165659736,27904.44146878837
14.80999999999994,-0.3418053729010608,0.2787683454160279,0.9520333005149954,-34180.537290106084,27876.83454160279
14.80999999999994,-0.3418053729010608,0.2787683454160279,0.9520333005149954,-34180.537290106084,27876.83454160279
14.81999999999994,-0.3389431880305431,0.2784985144803743,0.952133566737182,-33894.31880305431,27849.851448037436
14.81999999999994,-0.3389431880305431,0.2784985144803743,0.952133566737182,-33894.31880305431,27849.851448037436
14.82999999999994,-0.3361035659018887,0.2782348279627922,0.9522334659208146,-33610.35659018887,27823.48279627922
14.82999999999994,-0.3361035659018887,0.2782348279627922,0.9522334659208146,-33610.35659018887,27823.48279627922
14.83999999999994,-0.3332863463221132,0.2779771931819532,0.952332996855147,-33328.63463221132,27797.719318195315
14.83999999999994,-0.3332863463221132,0.2779771931819532,0.952332996855147,-33328.63463221132,27797.719318195315
14.84999999999994,-0.330491370044346,0.2777255186780372,0.9524321583813916,-33049.1370044346,27772.55186780372
14.84999999999994,-0.330491370044346,0.2777255186780372,0.9524321583813916,-33049.1370044346,27772.55186780372
14.85999999999994,-0.3277184787638096,0.2774797141976313,0.952530949391854,-32771.84787638096,27747.97141976313
14.85999999999994,-0.3277184787638096,0.2774797141976313,0.952530949391854,-32771.84787638096,27747.97141976313
14.86999999999994,-0.3249675151138377,0.2772396906788134,0.95262936882908,-32496.751511383773,27723.96906788134
14.86999999999994,-0.3249675151138377,0.2772396906788134,0.95262936882908,-32496.751511383773,27723.96906788134
14.87999999999994,-0.3222383226619205,0.2770053602364093,0.9527274156850164,-32223.83226619205,27700.536023640932
14.87999999999994,-0.3222383226619205,0.2770053602364093,0.9527274156850164,-32223.83226619205,27700.536023640932
14.889999999999938,-0.3195307459057839,0.2767766361474242,0.9528250890001784,-31953.074590578388,27677.66361474242
14.889999999999938,-0.3195307459057839,0.2767766361474242,0.9528250890001784,-31953.074590578388,27677.66361474242
14.899999999999938,-0.3168446302694878,0.2765534328366472,0.952922387862834,-31684.46302694878,27655.34328366472
14.899999999999938,-0.3168446302694878,0.2765534328366472,0.952922387862834,-31684.46302694878,27655.34328366472
14.909999999999938,-0.3141798220995418,0.2763356658624357,0.9530193114081954,-31417.98220995418,27633.56658624357
14.909999999999938,-0.3141798220995418,0.2763356658624357,0.9530193114081954,-31417.98220995418,27633.56658624357
14.919999999999938,-0.3115361686610561,0.2761232519026371,0.9531158588176228,-31153.616866105607,27612.325190263706
14.919999999999938,-0.3115361686610561,0.2761232519026371,0.9531158588176228,-31153.616866105607,27612.325190263706
14.929999999999938,-0.3089135181338786,0.2759161087407206,0.9532120293178408,-30891.351813387857,27591.61087407206
14.929999999999938,-0.3089135181338786,0.2759161087407206,0.9532120293178408,-30891.351813387857,27591.61087407206
14.939999999999936,-0.3063117196087753,0.2757141552520221,0.9533078221801632,-30631.17196087753,27571.415525202206
14.939999999999936,-0.3063117196087753,0.2757141552520221,0.9533078221801632,-30631.17196087753,27571.415525202206
14.949999999999935,-0.3037306230836062,0.275517311390175,0.9534032367197292,-30373.062308360622,27551.7311390175
14.949999999999935,-0.3037306230836062,0.275517311390175,0.9534032367197292,-30373.062308360622,27551.7311390175
14.959999999999935,-0.3011700794595093,0.2753254981737017,0.9534982722947508,-30117.00794595093,27532.54981737017
14.959999999999935,-0.3011700794595093,0.2753254981737017,0.9534982722947508,-30117.00794595093,27532.54981737017
14.969999999999937,-0.2986299405370972,0.2751386376727489,0.9535929283057704,-29862.99405370972,27513.863767274885
14.969999999999937,-0.2986299405370972,0.2751386376727489,0.9535929283057704,-29862.99405370972,27513.863767274885
14.979999999999936,-0.2961100590126693,0.2749566529959679,0.9536872041949278,-29611.00590126693,27495.66529959679
14.979999999999936,-0.2961100590126693,0.2749566529959679,0.9536872041949278,-29611.00590126693,27495.66529959679
14.989999999999936,-0.2936102884744065,0.274779468277583,0.9537810994452384,-29361.02884744065,27477.946827758296
14.989999999999936,-0.2936102884744065,0.274779468277583,0.9537810994452384,-29361.02884744065,27477.946827758296
15.0,-0.2911304833985993,0.2746070086645611,0.9538746135798808,-29113.04833985993,27460.70086645611
15.0,-0.2911304833985993,0.2746070086645611,0.9538746135798808,-29113.04833985993,27460.70086645611
